abanico,1,0,1
abatido,0,1,0
abdalah,0,0,2
abdicar,0,1,0
abdomen,0,1,0
abierta,2,0,5
abierto,0,2,5
abogado,2,0,0
abonaré,0,0,1
abrazar,0,1,0
abrazos,1,0,1
abrevia,0,0,1
abriera,0,1,0
abrirla,0,1,1
abrirlo,0,0,1
abrirse,0,2,1
abrirás,0,0,1
absorbí,0,0,1
absorto,1,0,0
absurdo,1,2,0
abuelos,1,0,0
abundan,0,0,1
abusado,0,1,0
acababa,4,6,4
acabado,1,1,2
acabara,1,1,0
acabará,0,3,2
acabaré,0,1,0
acabase,1,0,1
acabáis,0,0,1
acarreó,0,0,1
acceder,0,2,0
accesos,0,0,2
aceptan,0,0,1
aceptar,1,0,2
acequia,6,0,0
acerqué,0,0,1
acierta,0,1,0
acierto,0,1,0
acogida,0,0,7
acogían,0,1,0
acomete,0,1,0
acosado,1,0,0
actitud,1,17,0
actores,0,1,0
acudiré,0,0,1
acudían,3,2,0
acuerda,1,2,0
acuerde,0,1,1
acuerdo,0,2,1
acuesta,0,0,1
acólito,1,0,0
adentro,5,0,1
adivina,1,0,2
adivinó,1,2,0
admirar,0,0,1
admiten,1,0,0
adoptar,0,4,0
adoraba,2,1,0
adorada,0,4,0
adorado,0,1,1
adornar,0,0,1
adornos,1,2,0
aduanas,1,1,0
aduares,0,0,1
advertí,0,0,5
afectos,0,1,0
afición,1,5,1
afilado,0,0,1
afinado,0,0,2
afirmar,1,1,0
afirmas,0,0,2
afligió,0,0,2
afligía,0,0,1
afluían,1,0,1
afsanah,0,0,1
afueras,8,0,0
agallas,2,0,0
agentes,0,7,0
agitaba,1,2,0
agitada,1,0,0
agitado,0,2,0
agonice,0,1,0
agotado,0,0,2
agradar,0,1,0
agresor,1,0,0
aguante,2,0,0
aguarda,0,1,0
aguardo,0,1,0
aguardé,0,0,1
aguardó,0,0,2
aguijón,0,1,0
ahogada,1,0,0
ahogado,1,0,1
ahorcar,0,1,1
ahorque,0,2,0
ahorros,2,0,0
ahumada,1,0,0
aislado,0,1,0
ajedrez,0,0,1
ajorcas,0,0,1
ajustar,1,1,0
aknamus,0,0,2
alabada,0,1,0
alabado,0,1,3
aladino,0,0,1
alameda,0,1,0
alarcón,0,0,1
alargué,0,0,1
alarido,1,0,0
alberga,0,1,1
alcalde,7,1,0
alcance,1,1,2
alcanza,0,2,0
alcanzó,0,0,1
alcohol,0,1,0
alcázar,1,2,0
alegaba,0,1,0
alegres,5,3,1
alegría,1,15,22
alejaba,1,0,1
alejado,0,1,2
alejara,0,1,0
alfanje,0,0,11
alfonso,0,1,0
alfredo,0,0,1
algodón,1,0,0
alguien,9,5,9
algunas,7,23,8
algunos,19,34,11
aliados,0,0,1
alianza,0,2,0
aliento,1,0,1
alimaña,1,0,0
almacén,0,1,0
almansa,0,2,0
alquiló,0,0,1
altares,1,0,0
alteran,0,1,0
altivez,1,1,0
alturas,2,2,0
alvarez,0,14,0
alzando,0,0,1
aléjale,0,0,1
alísate,0,0,1
amables,0,2,1
amantes,0,4,1
amargas,0,0,1
amargos,0,0,1
amasado,1,0,0
amenaza,3,2,1
amigote,1,0,0
amistad,0,2,3
amorosa,0,7,0
amoroso,0,2,1
amoríos,1,0,0
amplias,0,1,1
amplios,1,0,0
américa,1,2,3
anchura,0,1,1
anciana,0,0,3
anciano,1,1,16
andaban,1,1,0
andamio,2,0,0
andando,1,0,7
andante,1,0,0
andaría,0,1,0
andrajo,0,1,0
angosta,1,2,0
angosto,1,0,0
anhelar,0,0,1
anhelos,0,0,1
anillos,0,0,1
animaba,1,2,0
animada,0,1,0
animado,3,0,0
animoso,0,0,2
anonadó,1,0,0
anormal,0,2,0
anotaba,0,1,0
anotado,0,1,0
ansiaba,3,3,0
ansiada,0,2,0
ansiado,0,1,0
ansiosa,2,0,0
ansioso,0,1,0
antigua,2,8,8
antiguo,3,17,4
antonio,26,68,0
anuncia,0,1,0
anuncie,0,1,1
anuncio,0,3,1
anunció,0,0,1
anzuelo,4,1,0
anónimo,1,0,1
apagada,0,1,0
apagado,0,1,0
apalear,1,0,0
aparece,0,1,2
aparejo,5,0,0
apartar,1,0,1
apearse,0,1,0
apenado,0,0,1
aplacar,0,1,0
aplasta,0,0,1
aplaude,0,0,1
apodado,1,0,0
apodera,0,0,1
apodere,0,0,1
apoderó,0,3,3
apoyaba,0,1,0
apoyada,0,1,0
apoyado,2,0,1
apoyase,0,0,1
aprecia,0,1,1
aprenda,0,0,1
aprendí,0,0,2
aprieta,1,0,0
apuesta,0,0,1
apuesto,0,1,2
apuleyo,0,0,1
apuntar,1,0,0
apurada,0,1,0
apurado,0,1,0
apóstol,0,2,0
aquella,71,114,34
aquello,21,13,21
aquélla,2,7,4
arañazo,0,1,0
arcadas,0,1,1
archivo,0,6,0
arcones,1,0,0
ardilla,0,1,0
argolla,1,0,2
aristas,1,0,0
armadas,1,1,0
armados,0,1,0
armando,1,0,0
armaron,0,0,1
armarte,0,0,1
armazón,0,1,0
armonía,1,1,0
arquero,0,0,1
arraigó,0,1,0
arranca,0,1,0
arrancó,1,0,1
arrayán,0,0,1
arreaba,1,0,0
arregla,1,0,0
arreglo,1,2,0
arregló,1,0,1
arriado,1,0,0
arribar,0,0,1
arriero,0,1,0
arrobas,2,0,0
arrojan,0,1,0
arrojar,0,3,1
arrojen,0,0,1
arrojes,0,1,0
arroyos,0,0,1
arrugas,0,4,1
arteria,0,1,0
artista,2,4,5
asaltar,1,0,0
asaltos,1,0,3
ascenso,1,2,0
asegura,0,5,1
aseguro,0,1,1
aseguró,0,1,1
asesina,0,0,1
asesine,0,0,1
asesino,1,1,8
asesinó,0,0,2
asfixia,1,1,1
asidero,1,0,0
asiduos,1,1,0
asiento,8,10,1
asignar,0,0,1
asintió,0,2,0
asistir,1,3,1
asistió,0,1,0
asistía,0,1,0
asociar,0,0,1
asomaba,2,0,0
asomado,0,1,1
asombra,0,0,1
asombro,7,7,14
asombró,0,0,9
aspecto,2,16,8
aspiran,0,1,0
astucia,0,5,1
astutas,0,1,0
astutos,1,0,0
asuntos,2,13,8
asustar,1,1,1
atacada,0,1,0
atalaya,0,1,0
ataques,0,1,0
atendía,1,0,0
atentar,0,1,0
atentos,1,0,0
atenuar,0,0,1
atesora,0,1,0
atiende,0,0,2
atiendo,0,1,0
atizado,1,0,0
atrapar,2,2,0
atraían,1,0,0
atraído,1,0,0
atreves,0,0,2
atrevió,1,4,1
atrevía,2,1,0
atroces,1,1,0
attaché,1,0,0
audaces,2,2,0
audacia,1,4,0
augusta,0,1,0
aullaba,1,0,0
aumenta,0,0,1
aumento,2,1,0
aumentó,1,0,0
auroras,0,0,1
ausente,0,0,4
ausento,0,0,1
ausentó,0,0,3
austera,1,0,0
autores,0,1,4
auxilio,3,6,1
avanzar,0,3,0
avanzas,0,1,0
avisaba,1,0,0
avisado,1,2,2
avisara,0,1,0
avisaré,0,1,1
avistar,0,0,1
ayudaba,4,0,0
ayudado,0,1,0
ayudase,0,0,1
azafrán,0,0,1
azotada,0,0,1
azotado,1,0,0
azulada,1,1,0
azulado,0,2,0
azuzaba,0,1,0
añadido,0,0,1
babucha,0,0,2
baibars,0,0,1
bajaban,1,1,0
bajamos,0,1,0
bajando,0,1,1
bajaron,0,0,4
bajasen,1,0,0
ballena,0,0,1
bananas,0,0,1
banasta,1,0,4
bandeja,0,0,8
bandera,0,1,0
bandido,0,3,0
baramka,0,0,2
baranda,0,1,0
barbero,0,1,0
barkhia,0,0,1
barraca,14,0,2
barrido,1,1,2
barriga,0,1,0
barrios,0,2,0
baselga,0,207,0
bassora,0,0,1
bastaba,3,0,1
bastado,0,1,1
bastera,0,1,0
batalla,1,3,2
batirme,0,1,0
batirse,0,2,0
batiste,2,0,0
bautiza,1,0,0
bautizo,1,0,0
bañarse,0,0,1
bañarte,0,0,1
bebidas,4,0,7
bebimos,0,0,4
becerro,0,0,3
beduino,1,0,1
belleza,7,7,9
benamor,0,0,2
bendiga,0,0,2
bendigo,0,0,1
bendita,0,0,1
bendito,1,1,3
bergson,0,0,1
berlina,0,1,0
besaban,0,0,1
besando,0,0,2
besarle,1,0,0
besarme,0,0,1
besaron,1,0,2
bestias,3,1,0
bichero,2,0,0
bigotes,0,3,1
billete,3,0,0
bizarro,1,0,0
blancas,6,1,1
blancos,4,0,4
blondas,1,0,0
bloqueo,0,1,0
bodegas,0,1,0
bofetón,0,1,0
bohemia,1,0,0
bohemio,1,0,0
bolitas,0,1,0
bonitas,0,1,0
bordada,0,0,2
bordado,0,0,2
bordeta,1,0,0
borrado,1,1,0
borrico,0,1,3
bosques,0,1,0
bossuet,0,1,0
bostezo,1,1,0
botalón,1,0,0
botella,4,0,0
boticas,1,0,0
botones,2,1,0
bourges,0,0,1
bourget,0,0,1
brasero,1,6,0
bravura,0,1,0
brebaje,1,0,0
brechas,0,1,0
breslau,0,0,1
brillan,0,1,0
brillar,0,2,1
brincar,0,0,1
briosos,1,0,0
brocado,0,0,3
brochas,0,1,0
brotaba,0,0,2
brotado,0,0,1
bruscos,0,1,0
bufando,1,0,0
burgués,1,0,0
burlaba,2,3,0
burlona,1,3,0
buscaba,6,4,0
buscará,0,0,1
buscaré,0,1,0
buscase,1,0,0
busques,0,0,1
butacas,2,0,0
bárbara,0,1,0
bárbaro,1,1,1
bíblica,1,1,0
búfalos,0,0,1
búrlese,0,1,0
büchner,0,0,1
caballo,2,2,18
cabañal,3,0,0
cabello,0,3,5
cabezas,2,2,2
cabrera,0,1,0
cacería,0,0,2
cadalso,0,2,0
cadenas,1,1,1
caderas,1,0,1
cadáver,3,4,1
caerían,0,1,0
cajones,1,0,0
calados,0,0,1
calafia,0,0,1
calcula,1,0,0
calcule,0,2,0
calcuta,0,0,2
caldera,1,0,0
caldero,2,0,1
caletre,1,0,0
calidad,0,2,5
califas,0,0,2
callaba,1,0,0
callada,0,1,0
callado,1,1,0
calleja,0,1,2
callosa,2,0,0
calmado,0,0,1
calores,0,1,0
camarín,0,0,1
cambian,0,0,1
cambiar,1,2,1
camello,0,0,1
caminar,0,0,2
caminos,3,0,1
campana,1,1,0
campaña,1,5,0
campeón,0,4,0
canalla,1,7,0
canción,0,1,2
cansada,2,2,1
cansado,1,1,3
cantaba,2,1,1
cantada,1,0,0
capaces,1,2,2
capazos,1,0,0
capital,0,9,6
capitán,12,22,15
capotes,0,1,0
carecen,0,2,0
carecer,0,1,1
carecía,1,0,1
carezco,0,1,0
cargaba,0,0,1
cargada,1,2,1
cargado,2,0,2
cargues,0,0,1
caricia,3,2,0
caridad,2,1,0
caritas,1,0,0
carmesí,0,0,1
carnero,0,0,7
carnoso,1,0,0
carpeta,0,1,0
carrera,3,2,0
carreta,1,0,0
carroza,0,1,0
cartera,0,1,0
carteta,1,0,0
cartoné,0,0,1
casacas,0,2,0
casados,2,0,0
casamos,0,0,1
casarme,0,1,0
casaron,1,1,1
casarse,4,2,2
casarte,0,0,1
cascado,0,1,0
caserón,1,10,0
casitas,2,0,0
castigo,0,3,7
castrar,0,0,1
casucha,2,0,0
catorce,6,0,0
causaba,0,13,0
causado,0,3,1
causará,0,1,0
causáis,0,1,0
cautela,0,3,0
cautiva,0,0,1
cavaron,0,0,1
caverna,0,1,1
cayendo,3,0,1
cayeran,0,2,0
cayeras,0,1,0
cayeron,1,1,3
cayesen,2,0,1
cayeses,0,0,1
cazando,1,0,0
cazuela,2,0,0
cañares,2,0,0
cañones,3,10,0
cebolla,2,0,0
cegaron,1,0,1
ceguera,2,0,1
celebra,0,0,1
celebro,0,1,0
celeste,0,1,0
celosía,1,0,0
cenamos,0,0,1
cenizas,0,1,3
cercado,1,0,0
cercana,0,3,0
cercano,1,2,1
cerebro,4,14,1
cerraba,2,0,0
cerrada,2,5,3
cerrado,3,3,1
cerraja,1,2,0
cerrojo,1,0,0
certero,1,1,0
certeza,0,7,1
cesamos,0,0,1
cesaron,0,0,3
ceñirse,0,0,1
ceñudos,0,1,0
chantre,1,0,0
chanzas,0,0,1
charlar,0,1,0
cheitán,0,0,2
chillar,0,0,1
chismes,0,1,0
chispas,12,0,2
choques,1,0,0
chorros,0,1,0
chupaba,1,0,0
chuscos,0,1,0
cicerón,0,0,1
ciencia,0,1,13
cientos,0,1,0
ciertas,3,10,1
ciertos,2,10,0
cifraba,0,1,0
cigarro,3,0,0
cinceló,0,0,1
cintura,3,2,0
circula,0,0,1
circuló,1,0,1
citando,0,1,0
citarlo,0,1,0
claudio,0,90,0
clásica,0,1,1
clérigo,0,3,0
cobarde,4,3,1
cobraré,0,0,1
cobriza,1,0,0
cobrizo,1,0,0
cochera,3,0,0
cochero,7,1,0
cocidos,1,0,0
cocinas,0,1,0
codicia,1,0,0
cogerla,0,0,1
cogerlo,0,0,1
cogerán,1,0,0
cogerás,0,0,1
cogidos,2,0,0
cogollo,1,0,0
colchón,0,0,2
colegas,0,1,0
colegio,0,27,0
coleteo,1,0,0
colgaba,0,1,1
colgado,0,0,2
colinas,0,0,2
colirio,0,0,1
colmaba,0,0,1
colmado,0,1,4
colmaré,0,0,1
coloqué,0,0,1
colores,8,1,11
coloreó,0,1,0
colosal,1,3,0
columna,0,3,2
comarca,0,0,2
combate,0,5,0
comedia,1,4,0
comedor,0,1,0
comemos,1,0,0
comencé,2,0,4
comenzó,7,11,8
comeros,0,0,1
comerse,1,0,0
comería,1,0,0
cometas,0,1,0
cometer,0,2,2
cometió,0,0,1
cometía,0,1,0
comidas,0,1,0
comiera,1,0,0
comimos,0,0,4
compare,0,0,1
comprar,0,1,10
compras,3,0,1
comunes,0,1,0
conceda,0,3,0
concede,0,2,0
concedo,0,0,2
concedí,0,1,0
conchas,1,0,0
conciso,0,1,0
condesa,2,28,0
conduce,0,0,3
condujo,0,0,3
confesó,0,1,0
confiar,0,1,0
confusa,1,3,0
confuso,0,3,1
confían,0,1,0
confíes,0,0,1
conjuro,0,0,12
conmigo,0,3,27
conocen,3,2,0
conocer,1,12,2
conoces,0,2,1
conoció,2,2,0
conocía,4,8,4
conozca,0,1,1
conozco,3,12,1
consejo,3,5,4
consigo,0,0,2
consola,0,2,0
consume,0,1,0
contaba,2,0,0
contado,0,0,3
contará,0,0,1
contaré,0,0,8
contigo,1,1,13
contuvo,1,0,0
convite,1,0,0
copiado,0,0,1
corazas,0,1,1
corazón,8,16,52
cordaje,2,0,0
cordial,0,0,2
cordura,0,1,0
corneja,0,0,1
corneta,1,0,0
cornudo,0,0,1
correas,0,0,1
correos,0,1,1
corrido,2,0,0
corrían,4,0,4
cortada,0,1,1
cortado,0,1,3
cortará,0,0,1
cortejo,1,0,0
corteza,1,0,0
cortijo,0,1,0
cortina,0,6,0
coserte,0,0,1
cosidas,0,0,1
costaba,1,0,0
costado,0,2,2
costara,1,0,1
creaban,0,1,0
creador,0,1,4
creando,0,1,0
crearon,0,0,1
crearse,0,1,0
crecido,0,1,0
crecían,0,1,0
creedme,0,1,0
creerla,1,1,0
creerlo,2,1,1
creerme,0,1,0
creerse,0,2,0
creerán,1,0,0
creería,0,1,1
creyera,0,1,0
creíame,0,0,1
creíase,0,1,0
creímos,0,0,1
criadas,1,0,0
criados,1,6,0
crianza,0,0,1
criarse,0,0,1
cribada,0,0,2
criolla,0,1,0
criollo,0,1,0
cristal,2,1,2
critica,0,0,1
crucero,2,0,0
crueles,4,4,4
crujido,1,0,0
crujían,1,0,0
cruzaba,1,0,0
cruzado,1,2,0
crédito,0,0,1
crédulo,0,1,0
crítica,0,0,4
crítico,0,0,1
crónica,0,1,0
cuadras,1,0,0
cuadros,0,2,1
cuantas,3,4,5
cuantos,8,16,8
cuantía,0,0,1
cuartel,0,2,0
cuartos,0,1,1
cubrían,1,1,0
cuellos,1,0,1
cuentas,3,3,1
cuentes,0,0,3
cuentos,2,1,27
cuerdas,3,0,1
cuernos,0,0,1
cuerpos,2,5,0
cuervos,1,0,0
cuestan,1,0,0
cuidaba,0,3,0
cuidado,6,3,6
culebra,0,0,4
cultivo,1,0,0
cultivé,0,0,1
cultura,0,1,2
cumplan,0,0,1
cumples,0,0,4
cumplid,0,2,0
cumplir,2,16,5
cumplía,1,0,0
curarla,0,0,2
curarse,0,1,0
curarás,0,0,1
curiosa,1,0,0
curioso,0,2,1
curvada,1,0,0
cuántas,3,0,0
cuántos,3,1,0
cuñados,0,0,1
cállate,0,1,0
cámaras,0,1,0
cántaro,0,0,1
cáucaso,0,0,2
célebre,1,8,1
céntimo,1,0,0
círculo,2,0,2
cívicas,0,1,0
cómicos,0,1,0
córdoba,0,2,0
córdova,0,10,0
córtale,0,0,1
damasco,0,0,5
dañinos,0,1,0
debemos,0,3,4
deberes,1,8,2
deberse,1,0,0
debiera,0,1,0
decaída,0,1,0
decaído,1,0,0
decente,2,0,0
decidir,0,2,0
decidió,0,6,1
decidme,0,1,1
decidía,1,0,0
decirla,1,0,0
decirle,3,5,2
decirlo,0,1,0
decirme,0,3,1
deciros,0,0,1
decirse,1,1,1
decirte,0,0,1
declaro,1,0,0
declaré,0,1,1
declaró,0,1,0
decreta,0,0,1
dedicar,0,1,0
dedillo,0,1,0
defecto,0,7,0
defensa,3,12,1
definió,0,1,0
deforme,0,0,1
degolló,0,1,0
dejaban,2,3,0
dejadme,1,0,0
dejamos,0,1,2
dejando,2,11,3
dejaras,0,0,1
dejarlo,0,2,0
dejarme,0,2,0
dejaron,1,0,3
dejarse,4,2,0
dejarás,0,0,1
dejaría,0,0,1
dejasen,1,0,0
dejaste,0,0,2
dejemos,0,1,2
delante,4,6,17
delaten,0,1,0
deleita,0,0,1
delgada,3,0,0
delicia,0,2,3
delirar,0,1,0
delirio,1,4,0
delitos,0,2,0
demanda,0,1,2
demonio,5,2,0
depende,0,1,2
derecha,0,1,5
derecho,5,8,5
derrama,0,2,0
derramé,0,0,1
derramó,0,0,2
derribé,0,0,1
derribó,1,0,2
derrota,0,1,2
descoco,0,1,0
deseaba,4,7,5
deseada,0,1,0
deseosa,0,1,0
deseoso,0,2,0
desfile,0,2,1
deshace,1,0,0
designa,0,1,2
desista,0,1,0
deslizó,1,0,0
desmayo,2,0,2
desmayé,0,0,2
desmayó,0,0,3
desnuda,0,0,11
desnudo,1,2,1
desnudé,0,0,1
desnudó,0,0,7
despedí,1,0,0
despego,0,1,0
despegó,0,1,0
despoja,0,1,0
despojo,1,0,0
despojó,0,0,2
después,38,86,219
destina,0,1,0
destino,1,1,24
destinó,0,1,0
desviar,0,0,2
detalle,0,3,0
detener,1,1,0
detenía,0,1,0
detesto,0,0,3
detiene,1,0,1
devolví,0,0,1
devorar,1,1,1
devotas,0,3,0
devotos,0,6,0
diablos,1,3,0
diarias,0,1,0
dichosa,0,0,2
dichoso,0,1,1
dickens,0,0,1
dientes,2,2,5
diestra,0,4,0
difunta,1,1,2
difunto,0,1,0
difícil,1,5,2
digamos,0,1,0
dijeran,1,0,0
dijeron,1,0,35
dijesen,1,0,0
dijimos,0,0,4
diluvio,0,3,0
dimitir,1,0,0
dinares,0,0,23
directa,0,1,4
diremos,0,1,0
dirigen,0,1,0
diriges,0,0,1
dirigir,0,5,2
dirigió,1,4,13
dirigía,2,6,2
disipar,0,1,0
dispara,0,0,1
disparé,0,0,1
disparó,2,1,0
dispone,0,0,2
dispuse,0,0,3
dispuso,0,0,14
disputa,1,0,0
distrae,0,1,0
diverso,0,1,0
dividir,0,0,1
divinas,0,1,0
divisas,0,0,1
djanhar,0,0,1
djiliad,0,0,1
doblaba,0,2,0
docenas,0,1,0
dolores,2,2,3
domador,1,0,0
dominar,1,3,1
dominen,0,1,0
domingo,3,0,0
dominio,0,1,2
doradas,1,1,0
dorados,0,2,0
dormida,0,0,2
dormido,3,1,4
dormirá,0,1,0
dormiré,1,0,0
dormían,3,1,0
dudando,0,2,0
duendes,1,0,0
dulzura,1,2,5
duquesa,0,36,0
duraban,1,0,0
durante,5,17,46
duraran,0,0,1
durarán,0,0,1
dándole,1,3,1
dándome,1,1,3
dándose,0,2,0
dátiles,0,0,3
débiles,2,1,1
echaban,1,1,0
echamos,0,0,2
echando,4,1,2
echarla,2,0,0
echarle,0,1,1
echaron,0,0,8
echarri,0,5,0
echarse,1,0,2
echarte,0,0,2
edición,0,1,9
educada,1,0,0
eduquen,0,1,0
efectos,1,1,7
efusión,1,0,1
egoísmo,2,1,0
egoísta,2,0,0
ejecutó,0,0,1
ejemplo,1,1,6
ejercer,0,3,1
ejercía,1,0,0
elegido,0,0,1
elevada,0,0,2
elevado,0,0,2
elevóse,0,1,0
elogios,0,2,1
embargo,6,10,9
embates,0,0,1
emoción,4,3,7
empaque,0,2,0
empezad,0,0,1
empiece,0,1,0
empieza,0,1,5
emplear,0,1,0
empleos,0,0,2
empresa,0,6,3
empujón,1,1,0
empuñar,0,1,0
enaguas,1,0,0
enamora,0,1,0
enamoro,0,0,1
enamoró,0,1,0
encante,0,0,1
encanto,1,1,0
encantó,1,0,3
encarga,0,1,1
encargo,1,4,0
encargó,0,1,1
encerró,1,1,2
encogía,1,0,0
encubro,0,1,0
enemiga,0,1,0
enemigo,8,9,10
energía,1,5,0
enferma,9,1,5
enfermo,5,1,3
engañar,0,1,0
engañas,1,0,0
engaños,0,2,0
enojada,0,1,0
enojosa,0,1,0
enojoso,0,1,0
enormes,6,4,4
enredos,0,1,0
enrique,0,2,0
ensalmo,0,1,0
ensartó,1,0,0
enseñan,0,1,0
enseñar,2,0,0
ensució,1,0,0
ensueño,1,1,0
entendí,0,0,1
enteran,0,0,1
enteras,3,1,0
enteros,3,0,0
enterré,0,0,2
entraba,4,3,0
entrada,1,8,3
entrado,4,4,7
entrega,0,1,0
entrego,0,0,3
entregó,1,3,6
enumeró,0,0,1
enviaba,3,4,0
enviado,0,4,3
enviara,0,0,1
envidia,2,0,3
enviéis,0,1,0
envolví,0,0,1
epopeya,0,1,0
epílogo,0,0,1
equipos,0,0,1
ercilla,0,1,0
erguida,2,1,0
erizaba,1,0,0
erizada,0,1,0
ernesto,0,0,1
errante,1,0,0
errores,0,1,0
eructos,1,0,0
erótica,0,0,1
erótico,0,0,2
esbelta,5,0,1
esbelto,1,0,3
escalón,1,0,0
escamas,2,0,0
escapan,0,1,0
escapar,1,3,1
escasas,0,2,0
escasez,0,1,0
escasos,0,0,1
escenas,1,2,6
esclava,0,3,15
esclavo,1,7,10
escobas,3,0,0
escogen,0,1,0
escoger,2,0,2
escogió,1,1,0
escojas,0,0,1
escondí,0,0,2
escriba,0,1,1
escribe,0,1,1
escribí,0,0,2
escrita,0,1,4
escrito,0,12,16
escucha,0,0,1
escucho,0,1,0
escuchó,2,1,3
escudos,0,1,0
escuela,0,4,1
escueta,1,0,0
escupen,1,0,0
escupió,0,0,1
escupía,1,0,0
esencia,0,0,1
esferas,0,1,0
espacio,6,4,3
espadas,0,4,0
espalda,5,3,4
espanto,1,3,3
espantó,0,1,0
esparto,5,1,0
español,1,9,2
especie,0,4,7
espejos,1,0,0
esperan,0,2,1
esperar,1,5,2
esperas,0,1,0
espesas,0,1,1
espesos,1,0,0
espiado,1,1,0
esposas,0,1,4
esposos,2,0,1
espumas,2,0,0
esquife,1,0,0
esquilo,0,0,1
esquina,2,1,0
esquiva,1,1,0
estaban,16,15,17
establo,1,0,3
estacas,1,0,1
estados,0,1,2
estalle,0,1,0
estalló,1,1,0
estamos,4,4,6
estando,4,2,2
estarle,0,1,0
estarán,0,1,1
estaría,2,4,0
estatua,0,1,2
esteban,1,40,0
estirón,1,0,0
estival,1,0,0
estrado,0,0,1
estribo,3,0,0
estrofa,0,0,2
estudia,0,1,0
estudio,0,0,2
estudió,0,1,0
eternas,0,1,1
eunucos,0,1,1
europea,0,0,3
europeo,0,0,1
evacuar,0,0,1
evitaba,0,1,0
evitará,0,1,0
evitaré,0,0,1
evocaba,0,1,0
excepto,0,0,1
excesos,0,2,0
excitar,0,1,0
exclamé,0,0,4
exclamó,0,5,38
excusas,1,2,0
exigirá,0,0,1
exiguas,0,1,0
existen,0,2,2
existir,0,1,0
existía,0,3,1
expande,0,0,1
experta,0,1,0
experto,0,1,0
expirar,0,1,0
explica,0,0,3
explicó,0,0,4
exponen,1,0,0
exponer,0,3,1
exponía,0,1,0
expreso,0,1,0
expulsó,0,1,0
extendí,0,0,1
extensa,0,1,0
extrajo,0,0,1
extraía,0,1,0
extraña,4,5,2
extrañe,0,1,0
extraño,3,6,2
extremo,4,20,5
exótica,0,0,1
exótico,0,0,2
fabrico,1,0,0
fabricó,0,0,1
facetas,0,0,1
fachada,0,4,0
falange,0,1,0
faltaba,3,2,1
faltado,1,0,1
faltaré,0,1,0
faltase,2,0,0
familia,29,12,4
famosas,0,0,1
fangosa,1,0,0
faroles,0,0,1
fatigas,1,1,3
favores,0,3,3
fealdad,0,0,1
fecunda,1,0,0
fecundo,0,0,1
federal,0,1,0
felices,6,3,4
femenil,1,7,0
feroces,1,3,0
fiarnos,0,0,1
fiereza,1,1,0
fiestas,0,1,0
figurar,0,2,0
figuras,0,3,0
fihrist,0,0,1
fijaban,1,0,0
fijando,1,1,0
fijarse,2,3,0
fijaría,1,0,0
fingirá,0,0,1
firmaba,0,1,0
firmeza,2,2,0
firmica,3,0,0
flancos,2,0,0
flautas,0,0,2
flechas,0,0,5
floreos,0,1,0
florida,3,0,0
flotaba,5,0,0
fogones,0,1,0
fogosas,0,1,0
fogosos,0,1,0
follaje,3,0,0
folleto,0,3,0
fontana,0,1,0
formaba,1,0,1
formada,0,1,0
formado,1,0,1
formóse,0,1,0
fornida,1,0,0
forrado,1,0,0
forraje,0,0,2
fortuna,3,16,9
forzosa,0,1,0
fracaso,0,0,1
fragata,1,0,0
frailes,2,6,0
francia,0,18,2
francos,1,1,0
francés,0,4,4
franjas,1,1,0
frascos,0,0,1
fraudes,0,0,1
fregado,1,0,0
frescas,0,1,1
frescor,0,0,2
frescos,0,1,1
friendo,0,0,1
frieran,0,0,1
fruncir,1,0,0
fuentes,0,1,1
fuertes,6,3,2
fuerzas,9,5,7
fueseis,0,0,2
fugarse,1,0,0
fullero,0,1,0
fumando,2,0,0
función,0,1,0
funesta,0,0,1
furiosa,0,2,0
furioso,5,1,0
furores,0,1,0
furtiva,0,1,0
fusilar,1,1,0
fusiles,1,2,0
fustigó,0,0,1
futuros,0,1,0
fábrica,0,1,0
fáciles,0,1,1
férreas,1,1,0
férreos,0,1,0
fíngete,0,0,1
físicas,0,2,0
físicos,0,1,0
fórmula,0,1,1
fúnebre,1,1,0
gabelas,0,1,0
gacelas,0,0,1
gafarró,2,0,0
galanes,1,0,0
galante,0,3,0
galiano,0,1,0
galland,0,0,8
gallina,2,0,0
gallito,1,0,0
galopar,0,0,4
ganados,0,0,2
ganando,0,1,0
ganaron,0,1,0
ganarse,3,0,1
ganarte,0,0,1
ganaría,0,1,0
gangosa,0,3,0
ganosos,0,1,0
gastaba,2,0,0
gastado,0,0,1
gatillo,2,0,0
gatitos,1,0,0
gemelas,0,0,1
gemidos,3,1,0
gemiría,0,0,2
general,0,11,3
gentile,1,0,0
genuina,0,1,0
gigante,3,4,2
girando,1,0,0
glorias,0,1,0
goberné,0,0,1
gobernó,0,0,1
golpear,0,1,1
gorrión,1,0,0
goteaba,0,0,1
gozaban,1,1,0
gozando,0,0,1
gozarla,0,0,1
grabada,0,0,1
grabado,0,0,1
gracias,8,11,29
gracián,0,0,1
granada,0,1,4
granado,0,0,1
grandes,3,32,19
granuja,3,0,0
griegos,0,0,4
grietas,2,0,0
grillos,1,0,0
gritaba,5,0,1
grosera,0,1,0
gruesas,0,1,1
gruesos,2,2,0
grumete,2,0,0
gruñido,0,0,1
gruñían,1,0,0
gráfica,0,0,1
guardan,0,3,0
guardar,3,2,2
guardas,0,0,1
guarden,0,1,0
guardia,9,42,0
guerras,0,1,0
guiaban,1,0,0
guiados,0,1,0
guiaron,0,0,1
guiarse,0,1,0
guiarte,0,1,0
guillem,0,0,1
guisado,0,0,1
guiñaba,1,0,1
gustaba,0,1,0
gustado,0,0,1
gustoso,0,1,1
géneros,0,0,4
góngora,0,0,1
haberla,0,2,1
haberle,0,0,3
haberlo,0,1,0
haberme,0,2,2
haberos,0,0,1
haberse,0,4,7
haberte,0,0,1
habicht,0,0,1
habitar,0,1,0
hablaba,13,11,2
hablado,2,5,2
hablara,0,1,0
hablará,0,1,1
hablaré,0,1,2
hablase,1,0,0
habláis,0,0,1
habléis,0,0,2
habráse,0,1,0
habrían,3,0,1
habíale,0,1,0
habíase,1,1,0
hacedor,0,1,0
hacemos,1,1,0
hacerla,2,2,3
hacerle,2,5,0
hacerlo,1,1,3
hacerme,2,8,0
hacerse,3,6,0
hacerte,0,1,5
hacíale,1,0,0
hacíame,1,0,1
hacíase,0,1,0
hagamos,0,1,0
halagar,0,5,0
halagos,0,1,0
hallaba,1,1,8
harapos,0,0,1
haremos,0,1,0
hartura,1,0,0
hayamos,0,1,0
hazañas,2,4,1
helados,0,1,0
heraldo,1,0,0
herejes,0,2,0
heridas,0,9,0
heridos,1,0,0
herirla,0,0,1
heriría,0,1,0
hermana,0,1,46
hermano,7,43,35
hermant,0,0,1
hermosa,21,27,13
hermoso,2,13,12
heroica,0,0,1
heroico,0,4,1
hervían,1,0,0
hesiodo,0,0,1
hiciera,2,2,0
hiciese,1,2,0
hicimos,0,2,2
hiciste,0,0,2
hierbas,1,2,0
hierros,1,0,2
higuera,2,0,0
hilillo,1,0,0
hinojos,0,0,2
hirsuto,0,1,0
hogares,0,1,0
hoguera,0,2,2
hojeaba,1,0,0
hombres,41,34,27
hombros,7,4,9
hombrón,1,1,0
honores,0,6,0
honraba,0,2,0
honrada,1,1,0
honrado,1,5,3
honrosa,0,0,1
honroso,1,1,0
horacio,0,0,1
hoyuelo,0,1,0
hubiera,7,19,5
hubiese,7,1,4
hubimos,0,0,3
huellas,0,2,5
huertos,2,0,1
humanas,0,1,2
humanos,0,1,6
humedad,2,0,0
humilde,2,11,6
humillo,1,0,0
hundido,1,0,1
hundían,1,0,1
huracán,2,0,0
huraños,0,1,0
hussein,0,0,1
hutared,0,0,1
huyendo,1,3,2
huyeron,0,1,0
huésped,1,0,1
huíamos,0,0,1
hábitos,0,3,0
háblale,0,1,0
háblame,0,1,2
húmedas,0,0,2
ideales,0,1,0
idiomas,0,0,1
idiotez,0,1,0
iglesia,2,9,0
ignacio,0,5,0
ignoras,0,0,3
iguales,3,3,3
ilumina,0,0,1
iluminó,0,0,1
ilusión,1,2,0
ilustre,0,4,3
imbécil,0,5,0
imitaba,0,2,0
impedir,0,0,1
impedía,1,0,1
imperio,0,5,1
implora,0,0,1
imploré,0,0,2
imploró,0,0,2
imponer,1,0,1
imponía,0,1,0
importa,3,5,0
importe,0,2,5
impudor,0,1,0
impulsa,0,1,0
impulso,1,0,0
impulsó,1,1,1
imítame,0,1,0
incapaz,1,7,0
incliné,0,0,1
inclinó,3,3,1
inclusa,1,0,0
incluso,0,1,1
inculto,0,1,0
incurra,1,0,0
indican,0,0,1
indicar,0,2,0
indicio,0,1,0
indigna,0,2,1
indigno,1,2,1
indique,0,2,0
indiqué,0,0,1
indulte,0,0,1
indulto,10,0,2
inercia,0,1,0
infames,0,3,1
infante,0,2,0
infecta,2,0,0
infeliz,4,9,0
influir,0,2,0
informe,0,1,0
ingenio,0,2,1
ingenua,1,1,1
ingenuo,0,1,2
inglesa,1,2,0
ingrata,0,1,0
ingrato,0,2,0
ingresó,0,1,0
inicial,1,0,0
inmensa,2,7,1
inmenso,1,8,1
inmóvil,8,5,1
insecto,0,2,0
inspira,0,3,1
instaló,0,0,1
insulto,1,0,0
intacto,0,0,1
intensa,0,2,0
intenso,1,1,0
intenta,0,1,0
intente,1,0,0
intento,0,2,0
intentó,2,1,4
interné,0,0,1
internó,0,1,1
interés,1,7,2
intruso,0,1,2
invadir,0,1,0
invadía,0,2,0
invasor,0,1,0
invente,0,1,0
inventó,1,1,0
invitar,0,0,1
invoqué,0,0,2
irónica,1,0,0
jesuíta,0,59,0
jinetes,0,2,5
jornada,0,3,1
jugaban,1,1,1
jugamos,0,1,0
jugando,0,0,1
juguete,2,0,0
jumento,0,0,1
juraban,1,0,1
jurarlo,0,1,0
juraste,0,0,2
juvenil,0,1,2
juzgaba,1,0,0
juzgado,0,0,2
jóvenes,1,7,37
labores,0,1,0
labrada,0,1,0
labrado,0,1,0
lacayos,0,2,0
laderas,0,0,1
lamento,0,0,2
lamentó,0,0,1
lanchas,1,0,0
lanzaba,2,0,1
lanzado,4,0,0
lanzará,1,0,0
lanzóse,0,1,0
latente,0,0,1
latinas,0,0,1
latines,1,0,0
latinos,0,0,1
lavarme,0,0,1
lavaron,0,0,1
lavarse,0,1,1
lavedan,0,0,1
lavisse,0,0,2
leandro,0,2,0
lección,1,3,7
leconte,0,0,1
lectura,0,2,2
leerlas,0,0,1
leerlos,0,0,1
legajos,0,2,0
legarte,0,0,1
lejanas,1,1,0
lejanos,2,2,1
lejanía,0,0,2
lenguas,0,1,3
levante,0,1,0
levanté,0,0,13
levantó,4,12,51
levitas,0,1,0
leyenda,4,1,1
leyendo,0,3,0
leñador,0,0,2
liberal,0,18,0
libertó,0,0,1
libraba,0,1,0
librado,1,0,3
librara,0,1,0
librará,0,0,1
libraré,0,0,1
librero,0,1,0
licores,0,0,1
ligeras,0,1,0
ligeros,1,4,0
limones,0,0,1
limosna,1,0,0
limpiar,0,1,0
lisonja,0,1,0
listada,1,0,0
literal,0,0,3
llamaba,6,10,3
llamada,0,0,2
llamado,2,3,10
llamará,0,1,0
llamaré,0,0,1
llaneza,0,0,1
llantos,0,0,1
llanura,0,0,2
llegaba,4,9,1
llegada,2,5,5
llegado,5,17,33
llegara,0,0,2
llegará,0,2,0
llegase,4,0,1
lleguen,0,1,0
llegues,0,0,4
llenaba,0,1,1
llenado,0,0,2
llevaba,4,12,12
llevado,3,5,0
llevara,0,0,1
llevará,0,0,1
llevase,1,0,2
lleváis,0,0,1
lloraba,6,0,3
llorado,0,0,1
llorona,1,0,0
llueven,0,1,0
lluvias,1,1,0
llévame,0,0,1
llévate,0,0,1
locuras,0,2,3
lograba,1,2,0
logrado,0,2,1
logrará,0,1,0
lograré,0,2,0
londres,1,1,0
lozanas,0,0,1
luchaba,0,2,0
luchara,1,0,0
lucharé,0,1,0
lucirse,0,1,1
lugares,0,3,1
lujosos,0,0,1
lujuria,0,2,0
lustral,0,0,2
láminas,0,0,2
lámpara,2,3,1
lástima,3,6,6
látigos,0,0,1
líbralo,0,0,1
límites,0,12,2
límpida,0,0,1
líquido,0,0,2
lívidas,0,1,0
lúgubre,3,1,0
maarouf,0,0,1
macizas,0,1,0
macizos,2,0,0
maderas,0,0,2
madurez,0,1,0
maestra,0,1,1
maestro,4,10,3
maimuna,0,0,1
majorem,0,1,0
maldiga,0,0,1
maldijo,1,0,0
maldita,4,1,2
maldito,8,4,4
maletas,1,0,0
malicia,2,0,2
maligna,0,2,0
maligno,0,0,2
malvada,0,0,1
malvado,0,2,0
mamalik,0,0,3
mameluk,0,0,1
mamerto,0,1,0
mampara,1,2,0
manazas,1,0,0
manceba,0,1,0
mancebo,0,0,9
manchas,1,1,1
mandaba,0,1,1
mandado,0,0,6
mandará,0,0,2
mandaré,0,0,2
mandase,1,0,0
mandato,0,1,0
manejar,0,1,0
maneras,0,0,4
maniquí,3,0,0
manojos,1,1,0
manolas,0,1,0
manoteo,1,0,0
mansión,0,3,1
manteca,0,0,6
mantuvo,1,0,0
manzana,0,0,10
marasmo,0,1,0
marcaba,1,2,0
marchar,4,2,5
marchas,0,1,0
marches,0,0,1
marcial,0,7,1
mardrus,0,0,25
marhaba,0,0,1
maridos,1,0,2
marieta,21,0,0
marital,0,1,0
marmita,0,0,3
marqués,1,2,0
masauda,0,0,1
mascado,2,0,0
mascata,0,0,1
massrur,0,0,4
mataban,2,0,0
matador,1,0,2
matando,3,0,1
mataras,0,0,1
matarla,0,0,1
matarle,1,0,3
matarlo,0,0,1
matarme,0,0,7
mataron,0,0,1
matarte,0,0,3
matarás,0,0,1
mataría,0,0,1
matasen,0,0,2
mataste,0,0,1
materia,2,2,0
matinal,1,0,0
mayoral,0,0,15
mayorde,0,0,1
mayores,4,3,6
mayoría,0,0,1
mañanas,2,1,0
mecidas,0,0,2
medirse,0,1,0
meditar,0,0,1
medrada,0,1,0
mejilla,1,0,4
mejores,3,1,6
melones,1,0,0
melosos,0,1,0
memoria,5,15,4
mención,0,0,1
menores,1,1,1
mensaje,0,0,2
mentido,0,1,1
mentira,3,3,1
menudas,1,0,0
menudos,0,4,0
mercado,5,1,1
merecer,0,0,1
mereces,0,0,3
merecía,1,2,0
merezca,0,0,1
merezco,0,1,0
merimée,1,0,0
mesilla,0,1,0
metales,0,0,1
meterlo,1,0,0
meterme,1,0,0
meterse,5,0,0
metidas,0,1,0
metidos,1,0,0
metiera,1,0,0
metióse,0,1,0
mezclar,0,1,0
miembro,0,1,0
mienten,0,1,0
mientes,0,1,0
milagro,3,0,0
milicia,0,11,0
militar,0,19,0
minoría,0,1,0
minutos,5,5,1
miraban,5,5,0
miradas,7,1,6
miradla,1,0,0
miradle,0,0,1
mirando,4,13,3
mirarla,0,1,0
mirarle,2,0,1
mirarlo,1,1,0
mirarme,0,0,1
miraron,0,0,1
mirarse,2,2,0
mirarte,0,0,2
mirbeau,0,0,1
mirrikh,0,0,1
miseria,5,0,2
mitades,0,0,3
mocedad,0,1,0
mocetón,7,0,0
mocosos,1,0,0
modales,0,1,1
moderna,0,2,0
moderno,0,0,1
modesto,1,0,0
mohamed,0,0,5
molesta,1,0,0
molesté,1,0,0
molière,0,0,1
mollera,0,2,0
momento,19,27,40
monarca,0,9,1
monedas,0,1,4
montaba,0,0,1
montado,2,0,2
montaña,5,0,21
montera,2,0,0
montijo,0,1,0
moradas,0,2,0
morales,0,1,3
morenas,0,1,1
morenos,0,0,1
morfina,2,0,0
morillo,0,3,0
morirás,0,0,1
moriría,0,0,2
morisco,0,0,1
moscada,0,0,1
mostrar,0,3,0
motines,0,2,0
motivos,0,4,3
mourouf,0,0,1
moverla,0,2,0
moverlo,0,1,0
moverme,0,0,1
moverse,1,2,0
moviose,1,0,0
movióse,0,1,0
mudando,1,0,0
mudanza,0,1,0
muebles,4,1,3
muertas,1,1,0
muertes,0,0,2
muertos,1,0,3
muestra,0,8,0
muestre,0,1,0
mujeres,15,10,15
mujeril,0,1,0
mullida,0,1,0
mundano,0,1,0
muralla,0,1,0
muriese,1,0,1
murillo,0,1,0
murmuró,0,4,4
muñecas,1,0,1
mágicas,0,0,5
mágicos,0,0,2
máquina,2,1,0
máscara,2,1,0
máximas,0,0,1
médicas,0,0,1
médicos,2,1,6
méritos,1,4,0
místico,1,0,0
nacidas,0,1,1
nacidos,1,1,0
naciste,0,0,1
nadando,2,0,2
naranja,0,1,0
naranjo,1,0,0
narices,0,1,0
narraba,0,0,1
narrado,0,1,0
narraré,0,0,1
natural,1,3,4
navarra,0,2,1
navegar,1,0,1
navidad,1,0,0
nazario,0,1,0
nefasta,0,0,1
negando,0,0,1
negarle,0,1,0
negarse,0,0,1
negarte,0,0,1
negases,0,0,1
negocio,5,1,2
negrazo,0,1,0
negrero,2,0,0
nervios,0,1,0
nervudo,1,0,0
ninguna,1,11,12
ninguno,2,4,3
niñadas,1,0,0
nobleza,0,5,0
nodriza,1,0,1
noghten,0,0,1
nombrar,0,2,0
nombres,3,1,4
nostrum,0,0,2
notaban,0,1,0
notable,0,0,2
notando,1,0,0
notarlo,0,0,1
notarse,0,0,1
notaría,0,1,0
noticia,5,5,4
novedad,0,2,0
novelas,1,2,10
noventa,0,1,2
nuestra,2,51,47
nuestro,8,46,44
nupcial,1,0,0
nusraní,0,0,1
nutrido,1,0,0
náuseas,0,1,0
números,0,1,0
obedece,0,1,2
obispos,1,0,0
objetos,0,1,3
oblicua,1,0,0
obligan,0,1,0
obrador,2,0,0
obrando,0,0,1
obraría,0,1,0
obscuro,0,2,0
observé,0,0,1
observó,0,1,1
obstina,0,1,0
obtener,0,0,1
ocasión,3,10,4
ochenta,1,0,1
ocultar,3,5,2
ocultas,0,0,1
ocultos,0,1,2
ocupaba,2,10,0
ocupado,1,4,2
ocupará,0,0,1
ocupase,1,0,0
ocupéis,0,0,1
ocurren,0,0,1
ocurrir,0,1,2
ocurrió,4,5,11
ocurría,0,3,0
odiando,0,1,0
ofensas,1,0,1
oficial,2,10,1
ofrecer,0,1,1
ofreció,0,0,4
ofrecía,0,2,2
ofrezco,0,0,2
ojeadas,1,0,0
ojillos,2,1,0
oliendo,1,0,0
oliente,0,1,0
olorosa,0,0,1
olvidan,1,0,0
olvidar,4,1,6
olviden,1,0,0
olvides,0,1,4
ombligo,0,0,1
ondular,0,0,1
onésimo,0,0,2
operase,1,0,0
opinaba,0,1,0
opinión,1,2,1
opongan,0,1,0
oprimen,1,0,0
oprimía,0,0,1
opuesta,1,0,1
opuesto,2,0,1
oración,0,0,2
ordenan,1,0,0
ordenes,0,2,0
orfebre,0,0,1
orgullo,1,1,2
oriente,0,0,10
orillas,1,0,4
orladas,1,0,0
orlando,1,0,0
orondos,0,1,0
oscilar,2,0,0
oscuras,2,0,0
oscuros,1,0,0
ostenta,0,2,0
ostente,0,1,0
ovación,1,0,0
padecer,0,0,2
padecía,0,0,1
padrino,0,1,0
paisano,0,1,0
palabra,4,10,17
palacio,1,51,81
paladea,0,1,0
paladín,1,1,0
palanca,1,1,0
palidez,1,1,2
palizas,1,0,0
palmada,1,0,0
palmera,2,0,1
palmira,0,0,1
pandero,0,0,2
panzudo,3,0,0
papeleo,1,0,0
papeles,3,7,0
paquete,0,1,0
paradas,0,1,0
parados,0,1,0
paramos,1,0,0
parando,0,1,1
pararon,1,0,0
paraíso,4,0,2
parcela,1,0,0
parecen,2,1,0
parecer,0,1,1
pareces,1,0,0
pareció,6,22,2
parecía,33,29,10
paredes,5,8,2
paredón,1,0,0
parejas,3,0,0
parezca,0,4,0
parezco,1,0,0
partera,0,1,0
partida,0,5,1
partido,1,5,1
partirá,0,0,1
partían,0,2,0
pasaban,8,1,0
pasadas,1,2,1
pasados,2,5,4
pasamos,0,0,3
pasando,2,3,3
pasaron,3,4,9
pasaría,1,0,0
paseaba,2,3,0
pasemos,0,4,0
pasillo,1,0,1
pasmosa,0,1,0
pastosa,0,1,0
patadas,1,2,0
pataleo,2,0,0
patatas,2,0,0
patente,0,1,0
pañuelo,5,2,0
pecador,0,3,0
pecados,0,5,1
pechera,2,0,0
pedazos,3,3,0
pedimos,0,1,0
pedirle,0,1,1
pegaban,2,0,0
pegadas,0,0,1
pegados,1,0,0
pegando,1,0,0
pegarle,0,0,2
pegarme,0,0,1
pegarse,1,0,0
peinado,0,2,0
peladas,0,0,1
peligra,0,1,0
peligro,6,14,2
pellejo,1,0,1
pelotón,0,1,0
pelucas,0,0,1
pendían,1,0,1
penetró,0,4,1
penosas,2,0,0
penosos,0,0,1
pensaba,16,6,2
pensado,3,2,0
pensión,1,2,0
pequeña,5,5,7
pequeño,7,5,1
perchas,0,1,0
perdida,2,3,1
perdido,4,6,15
perdona,0,0,2
perdone,0,4,0
perdono,1,1,2
perdonó,0,1,0
perdían,0,2,0
perecer,0,1,4
pereció,0,0,1
perfume,8,4,3
perfumé,0,0,1
perfumó,0,0,1
permiso,0,3,8
permita,0,3,1
permite,1,1,4
permito,0,1,3
permití,0,0,1
persona,6,40,11
período,0,3,0
pesaban,1,0,0
pesadas,1,0,0
pesadez,0,1,0
pesados,1,3,0
pesares,0,2,2
pesaron,0,0,1
pesaría,0,0,1
pescado,4,0,0
pescase,0,0,1
pesebre,0,0,2
pesetas,3,1,13
peñasco,1,0,0
piadoso,0,1,1
pidiera,2,0,0
piedras,1,0,9
piensan,0,2,0
piensas,2,1,1
pierdan,0,0,1
piernas,13,7,6
pillete,0,1,0
pinches,0,1,0
pingües,0,1,1
pintado,0,1,0
pintura,1,1,0
pintóse,0,1,0
piqueta,0,0,3
pisaban,0,1,0
pisadas,0,2,0
pisando,1,0,0
pisotón,0,1,0
pistola,2,0,0
pitillo,1,0,0
planeta,0,0,3
plantas,2,0,4
pliegos,0,3,0
plática,0,3,0
poblada,1,1,0
poblado,0,1,0
pobreza,2,1,1
podamos,0,2,1
podemos,1,2,1
poderla,0,0,1
poderme,0,0,1
poderío,0,1,3
podrida,1,0,0
podrido,0,0,1
podréis,0,0,1
podrían,1,1,0
podrías,0,0,1
policía,1,5,0
polilla,0,2,0
pollino,0,0,1
pomadas,0,0,3
pondrás,0,0,1
pondría,1,1,1
ponerle,1,0,0
ponerme,0,0,2
ponerse,0,5,1
popular,0,3,2
poquita,1,0,0
poquito,2,0,0
portado,1,0,1
portela,1,0,0
portera,0,0,2
portero,0,11,0
portier,0,2,0
poseían,0,0,1
poseída,0,1,0
poseído,0,4,2
posible,3,6,6
postero,0,1,0
postigo,0,2,0
potente,0,1,0
poético,0,1,0
pradera,0,0,4
precian,0,1,0
preciso,1,7,3
pregona,0,0,1
premiar,0,1,0
prendas,0,4,2
prendió,0,0,1
prepara,0,1,0
preparé,0,0,1
preparó,0,1,2
preseas,0,0,1
presión,1,0,0
prestar,0,1,1
primera,12,25,26
primero,6,12,7
prisión,0,1,0
privaba,0,0,1
probaba,1,0,0
procede,0,2,0
proceso,1,0,0
procura,0,1,1
procure,0,4,0
procuro,0,1,0
produce,0,3,3
produjo,1,4,2
proezas,0,2,0
profesa,0,3,0
profeso,0,1,0
profeta,0,0,10
prohibo,0,1,1
project,0,1,0
prologo,0,1,0
promesa,1,0,6
prometo,0,0,4
propias,1,2,3
propios,0,8,6
propone,0,2,0
propuso,0,1,0
protege,1,2,0
proteja,0,1,0
pruebas,0,11,0
pródigo,1,1,0
prójimo,0,1,0
prólogo,0,0,4
próxima,3,7,7
próximo,3,6,1
publico,0,0,1
publicó,0,0,2
puchero,1,0,0
pudiera,3,8,4
pudiese,0,0,5
pudiste,0,0,1
pueblos,4,3,11
puentes,0,0,1
puertas,5,8,15
puestas,0,1,0
puestos,0,3,1
puntual,0,1,0
pupilas,1,2,2
pusiera,1,1,1
pusimos,0,0,2
puñales,0,1,0
páginas,0,1,4
pájaros,2,1,3
pálidas,1,0,0
párrafo,0,1,0
párroco,1,0,0
pérdida,0,3,7
pérfida,0,0,4
pérfido,0,0,1
pérsico,0,0,2
pétalos,2,0,0
pícaros,1,0,0
pídanse,0,0,1
pólvora,1,2,0
póngase,0,1,0
pórfido,0,0,2
pórtico,0,0,3
pública,1,1,0
público,8,0,11
quedaba,13,8,3
quedado,2,2,3
quedara,0,1,0
quedará,1,2,1
quedaré,0,0,1
quedase,0,0,1
quedóse,0,8,0
quejaba,3,0,0
quejado,1,1,0
quejaré,0,0,1
quejido,1,0,0
quemaba,1,0,0
quemada,1,0,0
quemado,0,1,1
querida,0,9,0
querido,4,8,13
querrás,0,1,0
queréis,0,0,2
querían,12,1,1
querías,0,0,1
quevedo,0,0,1
quiebre,0,0,1
quienes,0,8,6
quieran,1,0,0
quieras,2,2,5
quieren,3,5,2
quieres,2,3,11
quietas,0,1,1
quijote,0,0,1
quimera,1,0,0
quinqué,0,5,0
quitaba,1,1,0
quitado,1,1,0
quiénes,1,2,2
rabillo,0,1,0
rabiosa,1,0,0
rabioso,1,0,0
rabosas,3,0,0
radical,0,1,0
ramadán,0,0,1
ramajes,1,0,0
rambaud,0,0,1
rapidez,1,8,1
rapiñas,0,1,0
rarezas,0,0,1
rascaba,0,1,0
rascóse,0,1,0
rasgaba,2,0,0
rasgase,1,0,0
rasguen,0,0,1
rastros,0,1,0
ratones,0,0,1
rayadas,1,0,0
razones,3,1,1
realcen,0,1,0
realeza,0,0,1
realiza,0,1,0
rebelde,1,2,2
recalcó,0,1,0
recelos,0,1,0
rechazó,0,0,2
recibir,0,9,1
recibió,3,4,0
recibía,4,1,0
recitar,0,0,2
recitas,0,0,1
recobra,0,0,2
recobre,0,0,2
recobró,2,2,2
recogen,0,1,0
recoger,0,1,1
recogió,2,2,2
recogía,1,1,0
recordé,1,0,1
recordó,0,2,2
recorrí,0,0,2
recurso,1,0,2
redonda,2,0,0
redondo,3,0,2
reducía,1,0,0
referir,0,1,0
refiere,0,1,1
refirió,0,0,5
refleja,1,0,0
reflejo,2,2,0
reflejó,0,0,1
reflujo,0,1,0
reforma,0,1,0
refugio,1,0,0
regaban,0,0,1
regalar,0,0,1
regalos,0,0,2
regando,1,0,0
regañan,0,1,0
regañes,0,0,1
regnier,0,0,1
regresa,0,0,2
regreso,2,0,4
regresé,0,0,6
regresó,0,0,8
regular,0,3,0
rehuyen,1,0,0
reinaba,3,3,0
reinado,0,2,1
reirnos,0,0,1
reirían,1,0,0
reiteró,0,0,2
relatar,1,1,0
relatos,0,0,9
release,0,1,0
relieve,1,0,0
relleno,0,0,1
relucir,0,0,1
remangó,0,0,3
remedar,0,1,0
remedia,0,1,0
remedio,6,3,15
remojón,1,0,0
remontó,1,0,0
remotas,0,0,1
remotos,0,0,2
remover,0,1,0
removía,1,0,0
renacer,0,3,0
renacía,0,1,0
rendida,0,0,1
rendido,1,3,6
renglón,0,2,1
reniega,0,0,1
reparar,0,3,0
reparas,0,1,0
reparta,0,1,0
repartí,0,0,1
repasar,1,1,0
repente,2,3,1
repetir,1,2,1
repetía,0,1,0
repitió,0,0,4
repleta,2,0,2
repleto,2,1,0
replicó,0,0,13
reponer,0,1,0
reposar,1,0,0
resbalé,0,0,1
rescate,0,0,2
reserva,1,0,1
reservo,0,0,1
reservé,0,0,1
residió,0,1,0
residuo,0,1,0
residía,1,0,0
resista,0,1,0
resorte,1,0,0
respeta,0,1,0
respeto,4,10,1
respiró,1,0,0
resulta,1,1,0
resulte,0,2,0
resumen,0,4,1
retablo,1,0,0
retando,0,1,0
retorcí,0,0,1
retraso,0,1,0
retrato,0,6,0
retumbó,0,0,1
reunida,1,0,0
reunión,3,2,0
reunían,0,1,0
revelan,0,0,1
revelar,0,2,3
reventó,0,0,1
revisar,0,0,1
reviste,0,1,1
revivir,0,3,0
revolcó,0,0,1
rezando,1,1,0
ribazos,4,0,0
ricardo,0,1,0
riesgos,1,1,0
rigidez,1,0,0
rigores,0,1,0
rimadas,0,0,1
riqueza,2,0,3
risueña,0,0,1
risueño,2,0,0
rizadas,1,0,0
riñones,2,0,0
robados,0,1,0
robando,0,1,0
robarle,1,1,0
robarme,0,1,0
robaron,1,0,0
robasen,1,0,0
robusta,1,1,0
robusto,0,2,3
rocines,2,0,0
rocíala,0,0,1
rodaban,1,0,0
rodamos,1,0,0
rodando,1,0,0
rodaron,1,0,0
rodeaba,1,1,1
rodeada,1,0,0
rodeado,2,3,2
rodilla,2,1,0
rogaron,0,0,1
rogarte,0,0,1
rojizas,1,0,0
romanos,1,1,2
romería,0,0,1
rondaba,1,0,0
roperos,0,0,2
rosadas,0,1,0
rosales,1,0,0
rosario,2,5,0
rostros,1,5,0
roveles,2,0,0
royendo,1,0,0
rozaban,0,1,0
rozados,1,0,0
rozando,1,1,0
rubores,0,1,0
rudezas,0,0,1
rugidos,0,3,0
ruidosa,1,0,0
ruidoso,2,1,0
rumboso,0,1,0
rumores,2,0,0
ruptura,0,0,3
rápidas,0,1,0
rápidos,1,3,0
régimen,0,2,0
rítmico,1,0,0
rústica,0,2,1
rústico,1,0,0
sabemos,0,1,2
saberla,0,0,1
saberlo,2,0,1
saberse,1,0,0
sacaban,3,0,0
sacadas,0,0,1
sacados,0,1,1
sacando,4,1,2
sacarla,0,0,3
sacarle,0,1,0
sacaron,0,2,1
sacarse,0,2,0
sacarte,0,0,2
sacarán,1,0,0
saciado,0,1,0
sacudir,0,1,1
sacudió,0,0,2
sagrada,0,3,1
sagrado,0,4,2
sainete,0,2,0
salario,0,0,1
saldrás,2,0,2
saldría,0,1,0
salidos,0,2,0
saliera,2,2,1
saliese,1,0,0
salimos,0,0,5
salirle,1,0,0
salomón,0,0,1
salones,3,7,1
saltaba,5,2,0
saludar,0,2,3
saludos,0,2,3
salvaba,1,0,0
salvado,2,2,6
salvaje,1,3,0
salvará,0,0,1
sangrar,0,0,1
saquito,1,0,2
sardina,1,0,0
sarnoso,0,1,0
sastres,0,0,3
satanás,0,1,1
saturno,0,0,1
secarse,2,0,0
sección,0,2,0
secreta,0,1,2
secreto,1,7,10
sedosas,1,0,0
sedosos,0,0,1
segando,1,0,0
seguida,4,0,71
seguido,2,2,1
segunda,2,2,21
segundo,1,0,11
seguros,0,0,1
seguían,4,2,1
selecta,0,0,1
semanas,3,0,0
semilla,0,0,1
semitas,0,0,1
sentaba,2,0,0
sentada,0,2,3
sentado,4,2,11
sentaos,0,0,1
sentara,0,1,1
sentaré,0,0,1
sentase,0,0,1
sentido,2,4,5
sentirá,1,0,0
sentían,1,1,0
sentóse,0,3,0
separan,0,1,0
separar,0,1,0
sepulte,0,0,1
serafín,1,0,0
seremos,0,1,0
serenos,1,1,0
servido,0,2,2
servirá,0,0,1
serviré,0,0,1
servían,1,1,1
sesenta,2,1,2
setenta,2,1,2
sevilla,0,4,0
señalar,0,0,2
señales,0,4,1
señoras,5,2,9
señores,6,2,2
señorón,1,0,0
siempre,39,55,23
sientas,0,0,2
sienten,0,1,0
sientes,0,1,0
silbido,2,0,0
simples,1,3,2
sindbad,0,0,2
sistema,0,2,0
situada,0,0,4
situado,0,1,1
sobrina,0,1,0
sobrino,1,1,2
socorro,1,1,0
sofocar,1,0,0
solares,1,0,0
soldado,1,6,0
soledad,3,1,7
solemne,2,1,0
soltaba,1,0,0
soltera,1,0,1
soltero,4,0,1
sombart,0,0,2
sombras,1,4,0
sombría,1,2,0
sombrío,1,1,0
sonaban,5,1,0
sonando,2,0,0
sonaron,2,6,0
sondear,1,1,0
sonetos,0,1,0
sonidos,1,2,1
sonoras,0,1,0
sonreía,5,4,1
sonreír,1,4,1
sonrisa,15,14,8
sonríen,0,1,0
sopetón,0,1,0
soplaba,3,0,1
soplado,1,0,0
soplará,0,0,1
sorbete,0,0,1
sordina,0,1,2
sosiego,0,0,1
soslayo,0,1,0
sostuve,0,0,1
sotanas,1,4,0
soñadas,0,0,2
soñando,0,1,1
spanish,0,1,0
spencer,0,0,1
stéfane,0,0,1
subasta,1,0,0
subcopa,0,0,1
sublime,0,3,2
sucedió,0,0,1
sucedía,1,0,0
sucesos,0,10,1
sudario,0,0,3
sueltas,1,1,1
sueltos,0,0,1
suertes,1,0,0
sufrida,1,0,1
sufrido,2,0,3
sujetar,1,0,0
sujetos,0,2,0
suleika,0,0,1
sultana,0,0,1
sultaní,0,0,1
sunnita,0,0,1
superar,0,0,1
supiera,0,3,2
supiese,0,0,2
suplico,0,0,2
suplicó,0,0,1
supones,0,0,1
supongo,0,1,0
suponía,0,0,1
suprema,0,1,0
supremo,0,1,0
surcada,0,1,0
surcado,0,2,0
surgido,0,1,0
surgían,1,1,0
suspiro,1,1,0
susurro,0,2,0
sutiles,0,0,2
sábados,2,0,0
sábanas,1,0,0
sándalo,0,0,2
séptima,0,0,1
séquito,0,0,1
sésamos,0,0,1
sílabas,0,1,0
sólidas,0,0,1
sólidos,0,0,1
sónnica,0,0,2
súplica,0,0,2
taberna,8,2,0
tablado,1,0,0
taimada,0,0,1
talados,1,0,0
talegos,1,0,0
talento,0,7,3
tallaba,0,1,0
tallada,0,1,0
talones,0,1,0
tamaños,0,2,0
también,14,16,50
tampoco,0,10,5
taparon,1,0,0
taparse,1,0,0
tapices,0,0,7
tardaba,0,0,1
tardado,0,0,1
tardará,1,2,0
tartana,8,0,2
tañerlo,0,0,1
teatral,0,1,0
teatros,1,0,0
tejados,1,2,0
tejidas,0,0,1
tejidos,0,0,1
temblar,1,1,1
temerlo,0,0,1
temible,2,1,0
temiera,4,0,0
temores,0,0,3
tenaces,0,1,0
tenazas,0,1,0
tendida,1,1,3
tendido,4,1,5
tendrán,0,0,2
tendrás,2,0,2
tendría,3,9,1
tenemos,3,7,4
tenerle,0,1,1
tenerme,0,1,0
tengáis,0,0,2
tentado,0,2,0
tentase,1,0,0
tercera,2,2,15
tercero,0,0,3
termina,0,1,4
termine,0,2,0
termino,1,0,0
terminó,0,1,1
ternero,0,0,12
terraza,0,0,1
terrena,0,0,1
terreno,1,2,0
terruño,1,1,0
tersura,1,0,0
tesoros,0,0,3
testero,0,0,1
testigo,1,1,2
tiburón,1,0,0
tiemble,0,1,0
tiemblo,0,1,0
tiempos,14,22,3
tiendas,0,0,5
tientas,1,1,0
tiernas,0,1,0
tierras,1,1,1
timidez,2,0,1
timonel,1,0,0
tinayre,0,0,1
tintero,0,0,4
tiraban,1,0,0
tirador,1,0,0
tirando,1,1,1
tiranos,0,1,0
tirante,1,0,0
tiranía,0,3,1
tirarle,0,1,0
tirarlo,0,1,0
tiraron,2,0,0
tirasen,2,0,0
tiroteo,0,1,0
tizones,0,0,1
tiñendo,1,0,0
tiñeron,1,0,0
toallas,0,0,1
tobillo,1,0,0
tocaban,1,1,1
tocador,1,2,0
tocando,0,2,0
tocante,0,2,0
tocarle,2,0,0
tocasen,1,0,0
todavía,3,12,17
tolerar,0,1,1
tolstoi,0,0,1
tomaban,1,0,0
tomamos,0,0,1
tomando,2,5,3
tomarlo,1,0,0
tomarme,0,0,1
tomaron,1,0,0
tomarse,0,2,0
tomemos,0,0,1
tonillo,0,3,0
topando,0,1,0
torcida,1,0,0
torcido,0,0,1
tornaré,0,0,1
tornóse,0,2,0
torpeza,2,0,0
torrero,0,1,0
tortura,0,0,2
tostaba,1,0,0
tozudos,1,0,0
trabaja,1,1,1
trabajo,17,6,7
trabuco,1,3,0
traduce,0,0,2
traedle,0,0,1
traerla,0,1,0
traerlo,0,0,1
traerte,0,0,1
tragaba,1,0,0
tragado,2,1,0
tragara,0,1,0
traidor,0,3,1
traigan,1,1,2
trajera,0,1,0
trajese,0,0,2
trampas,0,1,0
trances,1,0,0
tranvía,1,0,0
trasera,0,0,1
trasero,0,0,2
trastos,1,0,0
trataba,4,0,0
tratado,1,1,0
tratara,1,0,0
tratará,0,1,0
tratase,0,1,0
trazaba,1,0,0
traídas,1,0,0
trechos,0,1,0
treinta,8,2,1
tribuna,0,1,0
trienio,0,1,0
tristes,2,2,3
triunfe,0,1,0
triunfo,2,7,1
trocose,1,0,0
trocóse,0,1,0
tropezó,2,1,0
trotado,1,0,0
truenos,0,1,0
tráfico,0,1,0
trágico,0,1,0
trátame,1,0,0
trémula,2,1,0
trémulo,0,0,1
tuertos,0,0,9
tupidas,1,0,0
turbado,0,1,1
tuviera,2,2,0
tuviese,0,0,2
tuvimos,1,1,0
tuviste,0,0,5
táctica,0,3,0
término,3,2,2
tétrica,1,2,0
tétrico,0,1,0
tímidas,1,0,1
tímidos,0,1,0
túmbate,0,0,1
unieron,0,1,0
unirnos,1,0,0
untarme,0,0,1
untarte,0,0,1
urgente,1,0,1
ustedes,5,7,0
vacante,0,1,0
vacilar,0,1,0
vagando,1,0,1
vagones,2,0,0
valerio,0,0,1
valerme,0,0,1
valiosa,0,1,0
valioso,0,1,0
vampiro,0,0,7
vanidad,0,1,1
vapores,2,0,0
varales,1,0,0
varazos,0,0,2
varones,0,0,1
varonil,0,4,0
vayamos,0,2,0
vecinas,8,3,0
vecinos,17,6,2
vejetes,1,0,0
veladas,1,0,0
velador,0,1,0
velaran,0,0,1
velasco,0,0,1
velillo,3,0,2
velloso,1,0,0
veloces,0,1,0
vencida,3,1,1
vencido,1,2,1
venderé,0,0,2
vendido,0,1,0
vendrás,0,0,1
venenos,0,1,0
vengado,1,0,0
vengaré,0,0,1
vengues,0,0,1
venidas,1,1,0
venidos,0,0,1
venimos,0,1,0
ventaja,1,1,0
ventana,0,7,1
ventura,0,1,1
veraneo,1,0,0
verdoso,1,0,0
verdugo,4,1,3
veremos,0,3,2
versada,0,0,2
versado,0,1,1
versión,0,0,3
vestida,4,0,4
vestido,2,5,5
vestían,0,1,0
veteada,1,0,0
vetusto,0,1,0
veíamos,2,0,0
veíanse,1,2,1
viajaba,2,0,0
viajado,0,0,1
viajero,3,0,1
vicario,0,3,1
vicente,0,3,2
vidrios,0,3,1
vientos,1,1,1
vientre,7,0,2
vierais,0,0,1
viniera,2,1,1
viniste,0,0,4
violeta,1,0,0
viriles,0,0,1
visajes,0,1,0
viscosa,1,0,0
visible,1,3,0
visires,0,0,9
visitar,1,3,5
visitas,1,11,1
vistoso,0,1,0
vitales,0,0,1
vitoria,0,2,0
viveros,3,0,0
vividas,0,0,2
viviera,1,0,0
vivimos,0,1,6
viviría,1,0,0
viñetas,0,0,1
volando,1,0,4
volarán,0,0,1
voluble,0,1,0
volumen,0,0,12
volverá,0,3,2
volveré,0,3,3
volvían,1,0,0
vomitar,0,0,1
voraces,1,0,0
vueltas,0,0,4
vuelvan,0,1,0
vuelvas,0,0,4
vuelven,2,0,1
vuelves,0,0,5
vuestra,1,36,15
vuestro,0,4,6
válgame,1,0,0
vértice,1,0,0
vértigo,0,1,1
víboras,0,1,0
víctima,4,9,3
vístete,0,0,1
víveres,0,0,1
zafiros,0,0,1
zamarra,1,0,0
zapatos,6,4,0
zobeida,0,0,16
zozobra,1,4,0
zumbaba,1,0,0
ángeles,1,0,0
ángulos,1,0,0
árboles,8,0,3
ásperas,1,0,0
énfasis,1,1,0
éxtasis,1,2,1
ímpetus,0,1,0
ínclito,0,2,0
índicas,0,1,0
ínfimos,0,1,0
íntimas,0,1,0
íntimos,0,1,0
órbitas,0,1,0
órdenes,4,15,3
últimas,5,7,0
últimos,5,2,1
